Year,Predicted_Success_Rate
2024,59.74454545454546
2025,60.86409090909092
